evidence_id,observed_date,claim_id,direction,weight,quality,fact,interpretation,source,status
E0001,2025-08-07,H4,support,4,A,"SEC and Ripple filed a joint stipulation dismissing the SEC appeal and Ripple cross-appeal; the district-court final judgment remains in effect.","A major U.S. litigation overhang was removed, but this is narrower than comprehensive market-structure legislation and does not by itself prove institutional XRP demand.",https://www.sec.gov/enforcement-litigation/litigation-releases/lr-26369,confirmed
E0002,2026-09-15,H4,contradict,3,A,"The U.S. Senate rejected cloture on the motion to proceed to H.R. 3633 (CLARITY Act) by 49-50; 60 votes were required.","The expected U.S. legislative catalyst was delayed. This weakens near-term timing assumptions but does not yet falsify the broader regulatory thesis.",https://www.senate.gov/legislative/LIS/roll_call_votes/vote1192/vote_119_2_00234.htm,confirmed
E0003,2026-10-01,H2,support,3,C,"Ripple's transparency page reported $2,509.8M total circulating RLUSD and $2,633.8M reserve funds as of 2026-10-01.","RLUSD has reached multi-billion-dollar scale, supporting institutional/stablecoin ecosystem growth. This is not automatically XRP demand.",https://ripple.com/products/stablecoin/transparency/,confirmed
E0004,2026-10-01,H3,neutral,3,C,"Ripple's transparency page reported $2,509.8M total circulating RLUSD as of 2026-10-01.","Large RLUSD supply is compatible with either complementing XRP liquidity or substituting for XRP in settlement; XRP-specific value capture must be measured separately.",https://ripple.com/products/stablecoin/transparency/,confirmed
E0005,2025-05-24,H7,support,4,C,"Ctrl Alt announced that Dubai Land Department's tokenized real-estate project went live using XRPL for on-chain title-deed tokenization.","This is production-oriented RWA evidence rather than a purely conceptual XRPL use case, although initial scale was limited.",https://www.ctrl-alt.co/press-releases/ctrl-alt-dld,confirmed
E0006,2026-02-20,H7,support,4,C,"Ctrl Alt reported Phase Two of the Dubai project with ten tokenized properties worth more than $5M and controlled secondary-market trading; on-chain transactions continued on XRPL.","Progression from issuance into secondary-market functionality strengthens the claim that the project moved beyond a one-off announcement.",https://www.ctrl-alt.co/press-releases/ctrl-alt-dld-phase-two,confirmed
E0007,2026-02-20,H2,support,4,C,"The Dubai Land Department project advanced to a regulated secondary-market pilot on XRPL with title-deed ownership records synchronized to the official registry.","Government-linked production use supports institutional adoption of XRPL, though economic scale remains small relative to global capital markets.",https://www.ctrl-alt.co/press-releases/ctrl-alt-dld-phase-two,confirmed
E0008,2025-05-24,H3,neutral,4,A,"Dubai Land Department states that investor transactions in the pilot are carried out exclusively in UAE dirhams with no use of cryptocurrencies during the pilot phase.","This is direct evidence that an XRPL tokenization success can occur without users buying or paying in XRP, highlighting the value-capture bottleneck.",https://dubailand.gov.ae/en/news-media/dld-launches-the-mena-s-first-tokenized-real-estate-project-through-the-prypco-mint-platform/,confirmed
E0009,2026-02-20,H3,neutral,3,C,"Ctrl Alt reported secondary-market transactions on XRPL but did not state that participants must hold or route value through XRP.","The project supports XRPL utility but does not yet establish material XRP-specific inventory demand.",https://www.ctrl-alt.co/press-releases/ctrl-alt-dld-phase-two,confirmed
E0010,2026-10-05,H1,support,2,A,"Official XRPL documentation states that token-to-token DEX execution can use XRP as an intermediary through auto-bridging when the XRP-mediated route is cheaper, and payment pathfinding can produce routes with the same effect.","This confirms a native economic mechanism for XRP bridge utility, but does not establish current bridge volume, institutional use, or persistent XRP inventory demand.",https://xrpl.org/docs/concepts/tokens/decentralized-exchange/autobridging,confirmed
E0011,2026-10-05,H3,contradict,2,C,"Ripple's current Ripple Payments page states that cross-border settlement can occur in fiat or stablecoins and that the settlement layer is decoupled from any single issuer's token, with additional stablecoins added as market demand develops.","Ripple Payments can grow without structurally requiring XRP, so aggregate Ripple Payments volume is not valid evidence of XRP-specific value capture unless XRP routing or inventory is separately demonstrated.",https://ripple.com/products/cross-border-payments/,confirmed
E0012,2026-10-05,H3,support,1,C,"Ripple's current Payments ODL documentation states that On-Demand Liquidity can use XRP as the bridge currency to exchange one fiat currency for another.","An XRP-specific payments mechanism remains documented in Ripple's stack, but absent current route-level volume or inventory data this is weak evidence for material present-day value capture.",https://docs.ripple.com/products/payments-odl/introduction/concepts/on-demand-liquidity/onboarding-overview,confirmed
