observation_id,as_of,parameter,value,unit,source_quality,source_type,source_url,notes
H8P001,2026-03-31,circulating_supply,61340000000,XRP,B,independent_research,https://messari.io/report/state-of-xrp-q1-2026,"Circulating supply; not effective liquid float"
H8P002,2026-03-31,quarter_end_price,1.34,USD_per_XRP,B,independent_research,https://messari.io/report/state-of-xrp-q1-2026,"Q1 2026 close"
H8P003,2026-03-31,circulating_market_cap,82210000000,USD,B,independent_research,https://messari.io/report/state-of-xrp-q1-2026,"Must not be used as a direct proxy for required net inflow"
H8P004,2026-03-31,cumulative_burned_xrp,14300000,XRP,B,independent_research,https://messari.io/report/state-of-xrp-q1-2026,"Approximate since-inception burn reported by Messari"
H8P005,2026-03-31,us_spot_etf_holdings,775400000,XRP,B,independent_research,https://messari.io/report/state-of-xrp-q1-2026,"1.26% of Q1 circulating supply; inventory allocation, not permanently locked float"
H8P006,2026-03-31,xrpl_amm_xrp_inventory,12850000,XRP,B,independent_research,https://messari.io/report/state-of-xrp-q1-2026,"XRP pooled across XRPL native AMMs at Q1 close"
H8P007,2026-03-31,avg_daily_cex_spot_volume,2680000000,USD_per_day,B,independent_research,https://messari.io/report/state-of-xrp-q1-2026,"Turnover metric; must not be substituted for order-book depth"
H8P008,2026-03-31,avg_daily_dex_spot_volume,11700000,USD_per_day,B,independent_research,https://messari.io/report/state-of-xrp-q1-2026,"Tracked DEX spot volume across native and wrapped XRP venues"
H8P009,2026-03-18,evernorth_reported_holdings,388000000,XRP,B,independent_research,https://messari.io/report/state-of-xrp-q1-2026,"Messari cites Evernorth S-4; strategic holding but not assumed permanently illiquid"
H8P010,2026-05-18,fxrp_bridged_inventory,154400000,XRP,B,independent_research,https://messari.io/report/state-of-xrp-q1-2026,"Approximate XRP bridged to Flare as FXRP; redemption mechanics prevent treating as permanently removed"
H8P011,2026-06-30,ripple_total_held,37656053914,XRP,C,company_disclosure,https://ripple.com/xrp/,"Current Ripple page total held; includes escrowed inventory"
H8P012,2026-06-30,ripple_distributed,62329587596,XRP,C,company_disclosure,https://ripple.com/xrp/,"Outside Ripple-held category; not equivalent to exchange-liquid float"
H8P013,2026-06-30,ripple_escrow,32600000000,XRP,C,company_disclosure,https://ripple.com/xrp/,"On-ledger escrow according to Ripple"
H8P014,2026-06-30,ripple_implied_non_escrow_held,5056053914,XRP,C,derived_company_disclosure,https://ripple.com/xrp/,"Derived as total held minus escrow"
H8P015,2025-03-31,ripple_non_escrow_held,4562433147,XRP,C,company_disclosure,https://ripple.com/insights/q1-2025-xrp-markets-report/,"Historical available XRP held by Ripple"
H8P016,2025-03-31,ripple_escrow,37130000005,XRP,C,company_disclosure,https://ripple.com/insights/q1-2025-xrp-markets-report/,"Historical on-ledger escrow"
H8P017,2025-03-31,ripple_total_controlled_reconstructed,41692433152,XRP,C,derived_company_disclosure,https://ripple.com/insights/q1-2025-xrp-markets-report/,"Available holdings plus escrow"
H8P018,2026-06-30,ripple_controlled_inventory_change_since_2025_03_31,-4036379238,XRP,C,derived_company_disclosure,https://ripple.com/xrp/,"15-month endpoint change; leaving Ripple control is not synonymous with open-market selling"
H8P019,2026-06-30,ripple_controlled_inventory_avg_monthly_change,-269091949.2,XRP_per_month,C,derived_company_disclosure,https://ripple.com/xrp/,"Derived over 15 months; descriptive historical rate, not a forward forecast"
H8P020,2026-06-30,ripple_escrow_avg_monthly_change_since_2025_03_31,-302000000.33,XRP_per_month,C,derived_company_disclosure,https://ripple.com/xrp/,"Derived over 15 months; not all escrow releases reach markets"
